{"conference":{"id":"CONF-1746288684902","name":"покис","description":null,"creator_id":1,"active":true,"max_participants":50,"current_participants":0,"started_at":null,"ended_at":null,"duration":0,"has_screen_share":true,"has_chat":true,"has_video_enabled":true,"created_at":"2025-05-03T16:11:25.246Z","creator_name":"Superadmin","host_id":null,"host_video_priority":true,"allow_participant_detach":true,"is_locked":false},"userSubscriptionType":"free","subscriptionRestrictions":null,"isCreator":false,"timeLimitExceeded":false}